variant,project,azure,polybox,local
append,PASS,PASS,PASS,PASS
case-sensitive,FAIL,PASS,PASS,PASS
chmod-exec,FAIL,FAIL,FAIL,PASS
fcntl-lock,PASS,PASS,PASS,PASS
flock,PASS,PASS,PASS,PASS
fsync,PASS,PASS,PASS,PASS
git,FAIL,PASS,PASS,PASS
git-no-safedir,FAIL,FAIL,FAIL,PASS
hardlink,FAIL,FAIL,FAIL,PASS
mmap-write,PASS,PASS,PASS,PASS
mtime-preserved,FAIL,PASS,PASS,PASS
overwrite-middle,PASS,PASS,PASS,PASS
rename-atomic,PASS,PASS,PASS,PASS
rename-dir,PASS,PASS,PASS,PASS
sparse-seek,PASS,PASS,PASS,PASS
sqlite,FAIL,PASS,PASS,PASS
sqlite-wal,FAIL,PASS,PASS,PASS
symlink,PASS,FAIL,FAIL,PASS
