tier,workload,variant,profile,cache_state,threads,backend,metric,unit,higher_is_better,n,median,p25,p75,cv,ci95_lo,ci95_hi,errors,p99_ms,speed_vs_project,noisy
S,W1,seq-read-1m,fio-pool,cold,1,azure,throughput_mb_s,MB/s,True,1,67.05,67.05,67.05,,,,0,99.09,0.843,False
S,W1,seq-read-1m,fio-pool,cold,1,local,throughput_mb_s,MB/s,True,3,141.73,112.38,148.09,0.301,83.03,154.45,0,37.487,1.782,True
S,W1,seq-read-1m,fio-pool,cold,1,polybox,throughput_mb_s,MB/s,True,3,100.58,95.23,106.05,0.107,89.88,111.52,0,246.415,1.264,False
S,W1,seq-read-1m,fio-pool,cold,1,project,throughput_mb_s,MB/s,True,3,79.55,69.375,80.46,0.168,59.2,81.37,0,113.77,1.0,True
S,W1,seq-read-1m,fio-pool,warm,1,azure,throughput_mb_s,MB/s,True,1,67.69,67.69,67.69,,,,0,87.556,0.817,False
S,W1,seq-read-1m,fio-pool,warm,1,local,throughput_mb_s,MB/s,True,3,5835.55,5656.91,5867.615,0.04,5478.27,5899.68,0,0.22,70.41,False
S,W1,seq-read-1m,fio-pool,warm,1,polybox,throughput_mb_s,MB/s,True,3,159.31,159.095,164.925,0.041,158.88,170.54,0,212.861,1.922,False
S,W1,seq-read-1m,fio-pool,warm,1,project,throughput_mb_s,MB/s,True,3,82.88,71.425,87.64,0.213,59.97,92.4,0,103.285,1.0,True
S,W11,sweep-01w,sweep-files,cold,1,local,ops_per_s,ops/s,True,1,87.3,87.3,87.3,,,,0,15.887,3.699,False
S,W11,sweep-01w,sweep-files,cold,1,polybox,ops_per_s,ops/s,True,6,4.85,4.625,5.075,0.059,4.55,5.15,0,355.239,0.206,False
S,W11,sweep-01w,sweep-files,cold,1,project,ops_per_s,ops/s,True,3,23.6,22.25,23.75,0.072,20.9,23.9,0,92.337,1.0,False
S,W11,sweep-02w,sweep-files,cold,2,local,ops_per_s,ops/s,True,1,181.6,181.6,181.6,,,,0,13.079,4.228,False
S,W11,sweep-02w,sweep-files,cold,2,polybox,ops_per_s,ops/s,True,6,9.45,9.075,9.975,0.063,8.95,10.25,0,341.424,0.22,False
S,W11,sweep-02w,sweep-files,cold,2,project,ops_per_s,ops/s,True,2,42.95,42.275,43.625,0.044,41.6,44.3,0,103.22,1.0,False
S,W11,sweep-04w,sweep-files,cold,4,local,ops_per_s,ops/s,True,1,367.6,367.6,367.6,,,,0,13.26,4.044,False
S,W11,sweep-04w,sweep-files,cold,4,polybox,ops_per_s,ops/s,True,6,18.95,17.55,19.675,0.066,17.3,19.85,0,339.861,0.208,False
S,W11,sweep-04w,sweep-files,cold,4,project,ops_per_s,ops/s,True,3,90.9,83.45,90.95,0.1,76.0,91.0,0,94.384,1.0,False
S,W11,sweep-08w,sweep-files,cold,8,local,ops_per_s,ops/s,True,1,625.9,625.9,625.9,,,,0,33.813,3.752,False
S,W11,sweep-08w,sweep-files,cold,8,polybox,ops_per_s,ops/s,True,6,34.65,34.1,37.225,0.056,34.05,38.1,0,331.12,0.208,False
S,W11,sweep-08w,sweep-files,cold,8,project,ops_per_s,ops/s,True,3,166.8,166.75,171.3,0.031,166.7,175.8,0,97.862,1.0,False
S,W11,sweep-16w,sweep-files,cold,16,local,ops_per_s,ops/s,True,1,636.8,636.8,636.8,,,,0,62.809,2.042,False
S,W11,sweep-16w,sweep-files,cold,16,polybox,ops_per_s,ops/s,True,6,50.95,48.55,53.575,0.076,47.25,55.15,0,448.226,0.163,False
S,W11,sweep-16w,sweep-files,cold,16,project,ops_per_s,ops/s,True,2,311.85,302.925,320.775,0.081,294.0,329.7,0,115.526,1.0,False
S,W11,sweep-32w,sweep-files,cold,32,local,ops_per_s,ops/s,True,1,639.4,639.4,639.4,,,,0,100.184,1.007,False
S,W11,sweep-32w,sweep-files,cold,32,polybox,ops_per_s,ops/s,True,6,50.7,49.3,53.225,0.047,49.2,54.05,0,799.256,0.08,False
S,W11,sweep-32w,sweep-files,cold,32,project,ops_per_s,ops/s,True,3,635.0,578.65,641.1,0.114,522.3,647.2,0,107.844,1.0,False
S,W2,seq-write-1m,fio-pool,cold,1,azure,throughput_mb_s,MB/s,True,1,61.34,61.34,61.34,,,,0,46.924,0.406,False
S,W2,seq-write-1m,fio-pool,cold,1,local,throughput_mb_s,MB/s,True,3,104.88,101.1,123.445,0.208,97.32,142.01,0,0.725,0.694,True
S,W2,seq-write-1m,fio-pool,cold,1,polybox,throughput_mb_s,MB/s,True,3,30.64,30.49,31.605,0.039,30.34,32.57,0,26.608,0.203,False
S,W2,seq-write-1m,fio-pool,cold,1,project,throughput_mb_s,MB/s,True,3,151.12,140.32,152.985,0.094,129.52,154.85,0,0.403,1.0,False
S,W3,rand-read-4k,fio-pool,cold,1,azure,iops,IOPS,True,1,18.0,18.0,18.0,,,,0,168.821,0.164,False
S,W3,rand-read-4k,fio-pool,cold,1,local,iops,IOPS,True,3,2892.3,1800.4,2915.6,0.585,708.5,2938.9,0,3.326,26.318,True
S,W3,rand-read-4k,fio-pool,cold,1,polybox,iops,IOPS,True,3,5.3,5.3,5.4,0.022,5.3,5.5,0,329.253,0.048,False
S,W3,rand-read-4k,fio-pool,cold,1,project,iops,IOPS,True,3,109.9,88.85,114.7,0.278,67.8,119.5,0,61.08,1.0,True
S,W3,rand-read-64k,fio-pool,cold,1,azure,iops,IOPS,True,1,10.8,10.8,10.8,,,,0,170.918,0.29,False
S,W3,rand-read-64k,fio-pool,cold,1,local,iops,IOPS,True,3,2825.9,2372.95,2833.3,0.209,1920.0,2840.7,0,3.195,75.965,True
S,W3,rand-read-64k,fio-pool,cold,1,polybox,iops,IOPS,True,3,5.3,5.25,5.3,0.011,5.2,5.3,0,274.727,0.142,False
S,W3,rand-read-64k,fio-pool,cold,1,project,iops,IOPS,True,3,37.2,32.15,37.7,0.18,27.1,38.2,0,93.848,1.0,True
S,W4,parallel-read-16,fio-pool,cold,16,azure,throughput_mb_s,MB/s,True,1,735.44,735.44,735.44,,,,0,214.958,2.769,False
S,W4,parallel-read-16,fio-pool,cold,16,local,throughput_mb_s,MB/s,True,3,117.71,116.325,136.125,0.171,114.94,154.54,0,254.804,0.443,True
S,W4,parallel-read-16,fio-pool,cold,16,polybox,throughput_mb_s,MB/s,True,3,344.59,329.735,344.81,0.052,314.88,345.03,0,549.454,1.297,False
S,W4,parallel-read-16,fio-pool,cold,16,project,throughput_mb_s,MB/s,True,3,265.58,247.725,269.675,0.091,229.87,273.77,0,476.054,1.0,False
S,W4,parallel-read-4,fio-pool,cold,4,azure,throughput_mb_s,MB/s,True,1,257.12,257.12,257.12,,,,0,112.722,1.592,False
S,W4,parallel-read-4,fio-pool,cold,4,local,throughput_mb_s,MB/s,True,3,159.21,158.095,159.305,0.008,156.98,159.4,0,63.177,0.986,False
S,W4,parallel-read-4,fio-pool,cold,4,polybox,throughput_mb_s,MB/s,True,3,251.11,237.215,268.19,0.123,223.32,285.27,0,250.61,1.555,False
S,W4,parallel-read-4,fio-pool,cold,4,project,throughput_mb_s,MB/s,True,3,161.51,153.98,178.51,0.15,146.45,195.51,0,214.958,1.0,False
S,W5,meta-create,metadata,cold,1,azure,ops_per_s,ops/s,True,1,284.8,284.8,284.8,,,,0,49.828,9.654,False
S,W5,meta-create,metadata,cold,1,local,ops_per_s,ops/s,True,3,50869.1,50764.8,51447.6,0.014,50660.5,52026.1,0,0.031,1724.376,False
S,W5,meta-create,metadata,cold,1,polybox,ops_per_s,ops/s,True,1,278.8,278.8,278.8,,,,0,123.187,9.451,False
S,W5,meta-create,metadata,cold,1,project,ops_per_s,ops/s,True,3,29.5,28.55,29.85,0.046,27.6,30.2,0,54.175,1.0,False
S,W5,meta-create,metadata,cold,8,azure,ops_per_s,ops/s,True,1,289.7,289.7,289.7,,,,0,109.143,2.388,False
S,W5,meta-create,metadata,cold,8,local,ops_per_s,ops/s,True,3,11211.0,10900.1,11326.5,0.04,10589.2,11442.0,0,1.702,92.424,False
S,W5,meta-create,metadata,cold,8,polybox,ops_per_s,ops/s,True,1,286.2,286.2,286.2,,,,0,194.075,2.359,False
S,W5,meta-create,metadata,cold,8,project,ops_per_s,ops/s,True,3,121.3,120.5,124.3,0.033,119.7,127.3,0,88.27,1.0,False
S,W5,meta-delete,metadata,cold,1,azure,ops_per_s,ops/s,True,1,133.3,133.3,133.3,,,,0,28.201,2.351,False
S,W5,meta-delete,metadata,cold,1,local,ops_per_s,ops/s,True,3,117481.2,116810.7,118374.3,0.013,116140.2,119267.4,0,0.011,2071.979,False
S,W5,meta-delete,metadata,cold,1,polybox,ops_per_s,ops/s,True,1,3.3,3.3,3.3,,,,0,512.658,0.058,False
S,W5,meta-delete,metadata,cold,1,project,ops_per_s,ops/s,True,3,56.7,56.4,57.65,0.023,56.1,58.6,0,25.218,1.0,False
S,W5,meta-delete,metadata,cold,8,azure,ops_per_s,ops/s,True,1,140.7,140.7,140.7,,,,0,79.157,2.307,False
S,W5,meta-delete,metadata,cold,8,local,ops_per_s,ops/s,True,3,31576.2,28122.5,33006.1,0.166,24668.8,34436.0,0,0.399,517.643,True
S,W5,meta-delete,metadata,cold,8,polybox,ops_per_s,ops/s,True,1,3.4,3.4,3.4,,,,0,3484.444,0.056,False
S,W5,meta-delete,metadata,cold,8,project,ops_per_s,ops/s,True,3,61.0,60.35,61.35,0.017,59.7,61.7,0,168.734,1.0,False
S,W5,meta-list,metadata,warm,1,azure,ops_per_s,ops/s,True,1,1235.6,1235.6,1235.6,,,,0,4.411,15.368,False
S,W5,meta-list,metadata,warm,1,local,ops_per_s,ops/s,True,3,24892.0,24551.1,24896.85,0.016,24210.2,24901.7,0,0.056,309.602,False
S,W5,meta-list,metadata,warm,1,polybox,ops_per_s,ops/s,True,1,2458.4,2458.4,2458.4,,,,0,0.487,30.577,False
S,W5,meta-list,metadata,warm,1,project,ops_per_s,ops/s,True,3,80.4,76.0,81.1,0.071,71.6,81.8,0,20.291,1.0,False
S,W5,meta-list,metadata,warm,8,azure,ops_per_s,ops/s,True,1,1886.6,1886.6,1886.6,,,,0,7.779,4.432,False
S,W5,meta-list,metadata,warm,8,local,ops_per_s,ops/s,True,3,2452.6,2210.4,2579.75,0.158,1968.2,2706.9,0,5.274,5.761,True
S,W5,meta-list,metadata,warm,8,polybox,ops_per_s,ops/s,True,1,2760.4,2760.4,2760.4,,,,0,4.338,6.484,False
S,W5,meta-list,metadata,warm,8,project,ops_per_s,ops/s,True,3,425.7,327.55,435.3,0.325,229.4,444.9,0,22.949,1.0,True
S,W5,meta-mkdir,metadata,cold,1,azure,ops_per_s,ops/s,True,1,2581.7,2581.7,2581.7,,,,0,,49.553,False
S,W5,meta-mkdir,metadata,cold,1,local,ops_per_s,ops/s,True,3,60602.6,57426.2,60723.9,0.064,54249.8,60845.2,0,,1163.198,False
S,W5,meta-mkdir,metadata,cold,1,polybox,ops_per_s,ops/s,True,1,4.8,4.8,4.8,,,,0,,0.092,False
S,W5,meta-mkdir,metadata,cold,1,project,ops_per_s,ops/s,True,3,52.1,44.75,52.3,0.182,37.4,52.5,0,,1.0,True
S,W5,meta-mkdir,metadata,cold,8,azure,ops_per_s,ops/s,True,1,3191.2,3191.2,3191.2,,,,0,,64.469,False
S,W5,meta-mkdir,metadata,cold,8,local,ops_per_s,ops/s,True,3,65852.5,64754.55,66465.85,0.026,63656.6,67079.2,0,,1330.354,False
S,W5,meta-mkdir,metadata,cold,8,polybox,ops_per_s,ops/s,True,1,4.5,4.5,4.5,,,,0,,0.091,False
S,W5,meta-mkdir,metadata,cold,8,project,ops_per_s,ops/s,True,3,49.5,47.4,50.95,0.073,45.3,52.4,0,,1.0,False
S,W5,meta-rename,metadata,cold,1,azure,ops_per_s,ops/s,True,1,28.5,28.5,28.5,,,,0,77.16,0.744,False
S,W5,meta-rename,metadata,cold,1,local,ops_per_s,ops/s,True,3,82021.2,81871.7,83059.3,0.016,81722.2,84097.4,0,0.014,2141.546,False
S,W5,meta-rename,metadata,cold,1,polybox,ops_per_s,ops/s,True,1,1.2,1.2,1.2,,,,0,1161.203,0.031,False
S,W5,meta-rename,metadata,cold,1,project,ops_per_s,ops/s,True,3,38.3,37.9,39.15,0.033,37.5,40.0,0,36.792,1.0,False
S,W5,meta-rename,metadata,cold,8,azure,ops_per_s,ops/s,True,1,29.0,29.0,29.0,,,,0,429.197,0.694,False
S,W5,meta-rename,metadata,cold,8,local,ops_per_s,ops/s,True,3,29794.5,27410.95,31302.35,0.134,25027.4,32810.2,0,0.489,712.787,False
S,W5,meta-rename,metadata,cold,8,polybox,ops_per_s,ops/s,True,1,1.3,1.3,1.3,,,,0,8644.758,0.031,False
S,W5,meta-rename,metadata,cold,8,project,ops_per_s,ops/s,True,3,41.8,41.5,42.1,0.014,41.2,42.4,0,268.072,1.0,False
S,W5,meta-stat,metadata,warm,1,azure,ops_per_s,ops/s,True,1,13951.8,13951.8,13951.8,,,,0,0.124,27.378,False
S,W5,meta-stat,metadata,warm,1,local,ops_per_s,ops/s,True,3,332778.1,330500.95,335250.95,0.014,328223.8,337723.8,0,0.004,653.018,False
S,W5,meta-stat,metadata,warm,1,polybox,ops_per_s,ops/s,True,1,16792.8,16792.8,16792.8,,,,0,0.106,32.953,False
S,W5,meta-stat,metadata,warm,1,project,ops_per_s,ops/s,True,3,509.6,504.1,540.45,0.074,498.6,571.3,0,7.675,1.0,False
S,W5,meta-stat,metadata,warm,8,azure,ops_per_s,ops/s,True,1,21835.0,21835.0,21835.0,,,,0,0.706,0.485,False
S,W5,meta-stat,metadata,warm,8,local,ops_per_s,ops/s,True,3,52765.9,49440.6,56002.7,0.125,46115.3,59239.5,0,2.534,1.173,False
S,W5,meta-stat,metadata,warm,8,polybox,ops_per_s,ops/s,True,1,22753.1,22753.1,22753.1,,,,0,8.774,0.506,False
S,W5,meta-stat,metadata,warm,8,project,ops_per_s,ops/s,True,3,44978.4,44102.0,50000.2,0.133,43225.6,55022.0,0,2.967,1.0,False
S,W6,epoch-1w,medium-files,cold,1,azure,ops_per_s,ops/s,True,1,11.9,11.9,11.9,,,,0,151.902,1.214,False
S,W6,epoch-1w,medium-files,cold,1,local,ops_per_s,ops/s,True,3,36.9,26.35,36.9,0.408,15.8,36.9,0,49.645,3.765,True
S,W6,epoch-1w,medium-files,cold,1,polybox,ops_per_s,ops/s,True,3,4.0,3.95,4.15,0.051,3.9,4.3,0,340.574,0.408,False
S,W6,epoch-1w,medium-files,cold,1,project,ops_per_s,ops/s,True,3,9.8,8.6,10.4,0.195,7.4,11.0,0,220.084,1.0,True
S,W6,epoch-1w,small-files,cold,1,azure,ops_per_s,ops/s,True,1,113.2,113.2,113.2,,,,0,39.62,3.472,False
S,W6,epoch-1w,small-files,cold,1,local,ops_per_s,ops/s,True,3,276.5,180.6,281.5,0.527,84.7,286.5,0,4.648,8.482,True
S,W6,epoch-1w,small-files,cold,1,polybox,ops_per_s,ops/s,True,3,4.8,4.75,4.8,0.012,4.7,4.8,0,414.834,0.147,False
S,W6,epoch-1w,small-files,cold,1,project,ops_per_s,ops/s,True,3,32.6,29.7,33.15,0.119,26.8,33.7,0,104.615,1.0,False
S,W6,epoch-8w,medium-files,cold,8,azure,ops_per_s,ops/s,True,1,82.1,82.1,82.1,,,,0,192.692,2.755,False
S,W6,epoch-8w,medium-files,cold,8,local,ops_per_s,ops/s,True,3,36.6,36.5,36.8,0.008,36.4,37.0,0,289.062,1.228,False
S,W6,epoch-8w,medium-files,cold,8,polybox,ops_per_s,ops/s,True,3,30.1,28.4,30.1,0.068,26.7,30.1,0,353.551,1.01,False
S,W6,epoch-8w,medium-files,cold,8,project,ops_per_s,ops/s,True,3,29.8,29.65,34.75,0.176,29.5,39.7,0,571.744,1.0,True
S,W6,epoch-8w,small-files,cold,8,azure,ops_per_s,ops/s,True,1,729.6,729.6,729.6,,,,0,55.479,3.578,False
S,W6,epoch-8w,small-files,cold,8,local,ops_per_s,ops/s,True,3,630.2,624.6,630.3,0.01,619.0,630.4,0,53.103,3.091,False
S,W6,epoch-8w,small-files,cold,8,polybox,ops_per_s,ops/s,True,3,36.0,35.65,37.75,0.061,35.3,39.5,0,339.666,0.177,False
S,W6,epoch-8w,small-files,cold,8,project,ops_per_s,ops/s,True,3,203.9,195.85,235.0,0.189,187.8,266.1,0,117.99,1.0,True
S,W7,hdf5-random-chunks,large-files,cold,1,azure,duration_s,s,False,1,21.813,21.813,21.813,,,,0,292.553,0.351,False
S,W7,hdf5-random-chunks,large-files,cold,1,local,duration_s,s,False,3,1.372,1.338,2.444,0.61,1.303,3.517,0,12.939,5.581,True
S,W7,hdf5-random-chunks,large-files,cold,1,polybox,duration_s,s,False,3,38.634,35.915,38.755,0.087,33.196,38.876,0,452.283,0.198,False
S,W7,hdf5-random-chunks,large-files,cold,1,project,duration_s,s,False,3,7.657,7.545,8.002,0.061,7.433,8.347,0,133.793,1.0,False
S,W7,parquet-2of8-cols,large-files,cold,1,azure,duration_s,s,False,1,32.669,32.669,32.669,,,,0,,0.07,False
S,W7,parquet-2of8-cols,large-files,cold,1,local,duration_s,s,False,3,0.952,0.88,1.011,0.14,0.807,1.07,0,,2.403,False
S,W7,parquet-2of8-cols,large-files,cold,1,polybox,duration_s,s,False,3,73.673,72.314,75.939,0.049,70.954,78.205,0,,0.031,False
S,W7,parquet-2of8-cols,large-files,cold,1,project,duration_s,s,False,3,2.288,1.956,2.32,0.193,1.624,2.352,0,,1.0,True
S,W8,delete-tree,tree,cold,1,azure,duration_s,s,False,1,166.314,166.314,166.314,,,,0,,1.443,False
S,W8,delete-tree,tree,cold,1,local,duration_s,s,False,3,0.212,0.212,0.214,0.012,0.211,0.216,0,,1132.099,False
S,W8,delete-tree,tree,cold,1,polybox,duration_s,s,False,1,8268.086,8268.086,8268.086,,,,0,,0.029,False
S,W8,delete-tree,tree,cold,1,project,duration_s,s,False,3,240.005,238.175,244.866,0.029,236.345,249.726,0,,1.0,False
S,W8,untar,tree,cold,1,azure,duration_s,s,False,1,163.759,163.759,163.759,,,,0,,4.444,False
S,W8,untar,tree,cold,1,local,duration_s,s,False,3,1.28,1.277,1.285,0.006,1.274,1.29,0,,568.537,False
S,W8,untar,tree,cold,1,polybox,duration_s,s,False,1,323.071,323.071,323.071,,,,0,,2.253,False
S,W8,untar,tree,cold,1,project,duration_s,s,False,3,727.728,709.224,732.6,0.034,690.721,737.471,0,,1.0,False
S,W8,walk-read,tree,warm,1,azure,duration_s,s,False,1,70.838,70.838,70.838,,,,0,,3.479,False
S,W8,walk-read,tree,warm,1,local,duration_s,s,False,3,0.359,0.355,0.362,0.018,0.351,0.364,0,,686.485,False
S,W8,walk-read,tree,warm,1,polybox,duration_s,s,False,1,128.24,128.24,128.24,,,,0,,1.922,False
S,W8,walk-read,tree,warm,1,project,duration_s,s,False,3,246.448,239.77,246.959,0.033,233.092,247.469,0,,1.0,False
S,W9,api-large,large-files,cold,1,azure,throughput_mb_s,MB/s,True,1,349.02,349.02,349.02,,,,0,,,False
S,W9,api-large,large-files,cold,1,polybox,throughput_mb_s,MB/s,True,3,44.83,43.405,44.99,0.04,41.98,45.15,0,,,False
S,W9,api-small,small-files,cold,1,azure,throughput_mb_s,MB/s,True,1,60.63,60.63,60.63,,,,0,,,False
S,W9,api-small,small-files,cold,1,polybox,throughput_mb_s,MB/s,True,3,1.73,1.685,1.78,0.055,1.64,1.83,0,,,False
S,W9,mount-large,large-files,cold,1,azure,throughput_mb_s,MB/s,True,1,54.74,54.74,54.74,,,,0,,0.379,False
S,W9,mount-large,large-files,cold,1,local,throughput_mb_s,MB/s,True,3,1624.58,1624.27,1674.865,0.035,1623.96,1725.15,0,,11.251,False
S,W9,mount-large,large-files,cold,1,polybox,throughput_mb_s,MB/s,True,3,3.08,3.03,3.17,0.046,2.98,3.26,0,,0.021,False
S,W9,mount-large,large-files,cold,1,project,throughput_mb_s,MB/s,True,3,144.4,140.105,156.135,0.111,135.81,167.87,0,,1.0,False
S,W9,mount-small,small-files,cold,1,azure,throughput_mb_s,MB/s,True,1,26.5,26.5,26.5,,,,0,,9.201,False
S,W9,mount-small,small-files,cold,1,local,throughput_mb_s,MB/s,True,3,897.25,863.055,898.785,0.046,828.86,900.32,0,,311.545,False
S,W9,mount-small,small-files,cold,1,polybox,throughput_mb_s,MB/s,True,3,23.53,22.34,24.745,0.102,21.15,25.96,0,,8.17,False
S,W9,mount-small,small-files,cold,1,project,throughput_mb_s,MB/s,True,3,2.88,2.85,2.925,0.026,2.82,2.97,0,,1.0,False
S,W9,stage-api,all,cold,1,azure,throughput_mb_s,MB/s,True,1,175.25,175.25,175.25,,,,0,,,False
